{
    "$schema": "http://schema.management.azure.com/schemas/2015-01-01/deploymentTemplate.json#",
    "contentVersion": "1.2.0.0",
    "parameters": {
        "sqlServerName": {
            "defaultValue": "contosoinsurance",
            "type": "string",
            "maxLength": 25,
            "metadata": {
                "description": "Enter name to assign to the Azure SQL Database server."
            }
        },
        "adminUsername": {
            "defaultValue": "demouser",
            "type": "string",
            "metadata": {
                "description": "Administrator user name for logging into the Azure SQL Database."
            }
        },
        "adminPassword": {
            "defaultValue": "Password.1!!",
            "type": "securestring",
            "minLength": 8,
            "maxLength": 128,
            "metadata": {
                "description": "The password must be between 8 and 128 characters in length and must contain at least one number, one non-alphanumeric character, and one upper or lower case letter. Default value is Password.1!!"
            }
        },
        "apiManagementEmail": {
            "type": "string",
            "metadata": {
                "description": "Enter the email address to use for API Management admin notifications."
            }
        }
    },
    "variables": {
        "location": "[resourceGroup().location]",
        "databaseName": "ContosoInsurance",
        "uniqueSqlServerName": "[concat(parameters('sqlServerName'), '-', uniqueString(resourceGroup().id))]",
        "storageAccountName": "[concat('contoso', uniqueString(resourceGroup().id))]",

        "virtualMachineSize": "Standard_D2s_v3",

        "jbVirtualMachineName": "LabVM",
        "jbNetworkSecurityGroupName": "[concat(variables('jbVirtualMachineName'), '-nsg')]",
        "jbNetworkInterfaceName": "[concat(variables('jbVirtualMachineName'), '-nic')]",
        "jbPublicIpAddressName": "[concat(variables('jbVirtualMachineName'), '-ip')]",

        "sqlVirtualMachineName": "SqlServer2008",
        "sqlNetworkSecurityGroupName": "[concat(variables('sqlVirtualMachineName'), '-nsg')]",
        "sqlNetworkInterfaceName": "[concat(variables('sqlVirtualMachineName'), '-nic')]",
        "sqlPublicIpAddressName": "[concat(variables('sqlVirtualMachineName'), '-ip')]",

        "virtualNetworkName": "[concat(resourceGroup().name, '-vnet')]",
        "addressPrefix": "176.16.0.0/16",
        "subnetName": "default",
        "subnetPrefix": "176.16.0.0/24",

        "jbCustomScriptFileName": "configure-labvm.ps1",
        "jbCustomScriptUri": "[concat('https://raw.githubusercontent.com/microsoft/MCW-App-modernization/master/Hands-on%20lab/lab-files/ARM-template/', variables('jbCustomScriptFileName'))]",
        "sqlCustomScriptFileName": "configure-sqlvm.ps1",
        "sqlCustomScriptUri": "[concat('https://raw.githubusercontent.com/microsoft/MCW-App-modernization/master/Hands-on%20lab/lab-files/ARM-template/', variables('sqlCustomScriptFileName'))]",

        "dmsName": "[concat('contoso-dms-', uniqueString(resourceGroup().id))]",
        "appServicePlanName": "[concat(resourceGroup().name, '-asp')]",
        "apiAppName": "[concat('contoso-api-', uniqueString(resourceGroup().id))]",
        "webAppName": "[concat('contoso-web-', uniqueString(resourceGroup().id))]",
        "functionAppName": "[concat('contoso-func-', uniqueString(resourceGroup().id))]",
        "apiManagementName": "[concat('contoso-apim-', uniqueString(resourceGroup().id))]",
        "searchServiceName": "[concat('contoso-search-', uniqueString(resourceGroup().id))]",
        "cogServicesName": "[concat('cog-services-', uniqueString(resourceGroup().id))]",
        "keyVaultName": "[concat('contoso-kv-', uniqueString(resourceGroup().id))]"
    },
    "resources": [
        {
            "name": "[variables('storageAccountName')]",
            "type": "Microsoft.Storage/storageAccounts",
            "apiVersion": "2019-04-01",
            "sku": {
                "name": "Standard_LRS"
            },
            "kind": "StorageV2",
            "location": "[variables('location')]",
            "properties": {
                "networkAcls": {
                    "bypass": "AzureServices",
                    "virtualNetworkRules": [],
                    "ipRules": [],
                    "defaultAction": "Allow"
                },
                "accessTier": "Hot"
            }
        },
        {
            "name": "[variables('jbVirtualMachineName')]",
            "type": "Microsoft.Compute/virtualMachines",
            "apiVersion": "2019-03-01",
            "location": "[variables('location')]",
            "dependsOn": [
                "[concat('Microsoft.Network/networkInterfaces/', variables('jbNetworkInterfaceName'))]"
            ],
            "properties": {
                "hardwareProfile": {
                    "vmSize": "[variables('virtualMachineSize')]"
                },
                "storageProfile": {
                    "osDisk": {
                        "createOption": "FromImage",
                        "managedDisk": {
                            "storageAccountType": "Premium_LRS"
                        }
                    },
                    "imageReference": {
                        "publisher": "microsoftvisualstudio",
                        "offer": "visualstudio2019latest",
                        "sku": "vs-2019-comm-latest-ws2019",
                        "version": "latest"
                    }
                },
                "networkProfile": {
                    "networkInterfaces": [
                        {
                            "id": "[resourceId('Microsoft.Network/networkInterfaces', variables('jbNetworkInterfaceName'))]"
                        }
                    ]
                },
                "osProfile": {
                    "computerName": "[variables('jbVirtualMachineName')]",
                    "adminUsername": "[parameters('adminUsername')]",
                    "adminPassword": "[parameters('adminPassword')]",
                    "windowsConfiguration": {
                        "enableAutomaticUpdates": true,
                        "provisionVmAgent": true
                    }
                }
            },
            "resources": [
                {
                    "name": "SetupLabVm",
                    "type": "extensions",
                    "apiVersion": "2019-03-01",
                    "location": "[variables('location')]",
                    "properties": {
                        "publisher": "Microsoft.Compute",
                        "type": "CustomScriptExtension",
                        "typeHandlerVersion": "1.9",
                        "autoUpgradeMinorVersion": true,
                        "settings": {
                            "fileUris": [
                                "[variables('jbCustomScriptUri')]"
                            ],
                            "commandToExecute": "[concat('powershell -ExecutionPolicy Unrestricted -File ', variables('jbCustomScriptFileName'))]"
                        }
                    },
                    "dependsOn": [
                        "[concat('Microsoft.Compute/virtualMachines/', variables('jbVirtualMachineName'))]"
                    ],
                    "tags": {
                        "displayName": "SetupLabVm"
                    }
                }
            ]
        },
        {
            "type": "Microsoft.Compute/virtualMachines",
            "name": "[variables('sqlVirtualMachineName')]",
            "apiVersion": "2019-03-01",
            "location": "[variables('location')]",
            "dependsOn": [
                "[concat('Microsoft.Network/networkInterfaces/', variables('sqlNetworkInterfaceName'))]"
            ],
            "properties": {
                "hardwareProfile": {
                    "vmSize": "[variables('virtualMachineSize')]"
                },
                "storageProfile": {
                    "osDisk": {
                        "createOption": "FromImage",
                        "managedDisk": {
                            "storageAccountType": "Premium_LRS"
                        }
                    },
                    "imageReference": {
                        "publisher": "MicrosoftSQLServer",
                        "offer": "SQL2008R2SP3-WS2008R2SP1",
                        "sku": "Standard",
                        "version": "latest"
                    }
                },
                "networkProfile": {
                    "networkInterfaces": [
                        {
                            "id": "[resourceId('Microsoft.Network/networkInterfaces', variables('sqlNetworkInterfaceName'))]"
                        }
                    ]
                },
                "osProfile": {
                    "computerName": "[variables('sqlVirtualMachineName')]",
                    "adminUsername": "[parameters('adminUsername')]",
                    "adminPassword": "[parameters('adminPassword')]",
                    "windowsConfiguration": {
                        "enableAutomaticUpdates": true,
                        "provisionVmAgent": true
                    }
                }
            },
            "resources": [
                {
                    "name": "SetupSqlVm",
                    "type": "extensions",
                    "apiVersion": "2019-03-01",
                    "location": "[variables('location')]",
                    "properties": {
                        "publisher": "Microsoft.Compute",
                        "type": "CustomScriptExtension",
                        "typeHandlerVersion": "1.9",
                        "autoUpgradeMinorVersion": true,
                        "settings": {
                            "fileUris": [
                                "[variables('sqlCustomScriptUri')]"
                            ],
                            "commandToExecute": "[concat('powershell -ExecutionPolicy Unrestricted -File ', variables('sqlCustomScriptFileName'))]"
                        }
                    },
                    "dependsOn": [
                        "[concat('Microsoft.Compute/virtualMachines/', variables('sqlVirtualMachineName'))]"
                    ],
                    "tags": {
                        "displayName": "SetupSqlVm"
                    }
                }
            ]
        },
        {
            "name": "[variables('uniqueSqlServerName')]",
            "type": "Microsoft.Sql/servers",
            "apiVersion": "2015-05-01-preview",
            "location": "[variables('location')]",
            "properties": {
                "administratorLogin": "[parameters('adminUsername')]",
                "administratorLoginPassword": "[parameters('adminPassword')]",
                "version": "12.0"
            },
            "resources": [
                {
                    "apiVersion": "2017-10-01-preview",
                    "dependsOn": [
                        "[concat('Microsoft.Sql/servers/', variables('uniqueSqlServerName'))]"
                    ],
                    "location": "[variables('location')]",
                    "name": "[variables('databaseName')]",
                    "properties": {
                        "zoneRedundant": "false"
                    },
                    "sku": {
                        "name": "S0",
                        "tier": "Standard"
                    },
                    "type": "databases"
                },
                {
                    "apiVersion": "2014-04-01-preview",
                    "dependsOn": [
                        "[concat('Microsoft.Sql/servers/', variables('uniqueSqlServerName'))]"
                    ],
                    "location": "[variables('location')]",
                    "name": "AllowAllWindowsAzureIps",
                    "properties": {
                        "endIpAddress": "0.0.0.0",
                        "startIpAddress": "0.0.0.0"
                    },
                    "type": "firewallrules"
                },
                {
                    "apiVersion": "2017-03-01-preview",
                    "type": "securityAlertPolicies",
                    "name": "Default",
                    "dependsOn": [
                        "[concat('Microsoft.Sql/servers/', variables('uniqueSqlServerName'))]",
                        "[concat('Microsoft.Sql/servers/', variables('uniqueSqlServerName'), '/databases/', variables('databaseName'))]"
                    ],
                    "properties": {
                        "state": "Enabled",
                        "disabledAlerts": [],
                        "emailAddresses": [],
                        "emailAccountAdmins": true
                    }
                },
                {
                    "apiVersion": "2018-06-01-preview",
                    "type": "vulnerabilityAssessments",
                    "name": "Default",
                    "properties": {
                        "storageContainerPath": "[concat(reference(variables('storageAccountName'), '2018-02-01').primaryEndpoints.blob, 'vulnerability-assessment')]",
                        "storageAccountAccessKey": "[listKeys(variables('storageAccountName'), '2018-02-01').keys[0].value]",
                        "recurringScans": {
                            "isEnabled": true,
                            "emailSubscriptionAdmins": true,
                            "emails": []
                        }
                    },
                    "dependsOn": [
                        "[concat('Microsoft.Sql/servers/', variables('uniqueSqlServerName'))]",
                        "[concat('Microsoft.Storage/storageAccounts/', variables('storageAccountName'))]",
                        "[concat('Microsoft.Sql/servers/', variables('uniqueSqlServerName'), '/securityAlertPolicies/Default')]"
                    ]
                }
            ]
        },
        {
            "name": "[variables('dmsName')]",
            "type": "Microsoft.DataMigration/services",
            "apiVersion": "2018-04-19",
            "location": "[variables('location')]",
            "dependsOn": [
                "[variables('virtualNetworkName')]"
            ],
            "sku": {
                "name": "Premium_4vCores",
                "tier": "Premium",
                "size": "4 vCores"
            },
            "properties": {
                "virtualSubnetId": "[resourceId('Microsoft.Network/virtualNetworks/subnets', variables('virtualNetworkName'), variables('subnetName'))]"
            }
        },
        {
            "type": "Microsoft.Web/serverfarms",
            "name": "[variables('appServicePlanName')]",
            "apiVersion": "2018-02-01",
            "location": "[variables('location')]",
            "sku": {
                "name": "S1",
                "tier": "Standard",
                "size": "S1",
                "family": "S",
                "capacity": 1
            },
            "tags": {
            },
            "properties": {
                "workerSize": 0,
                "workerSizeId": 0,
                "numberOfWorkers": 1
            }
        },
        {
            "type": "Microsoft.Web/sites",
            "name": "[variables('webAppName')]",
            "apiVersion": "2018-11-01",
            "location": "[variables('location')]",
            "dependsOn": [
                "[concat('Microsoft.Web/serverfarms/', variables('appServicePlanName'))]"
            ],
            "properties": {
                "enabled": true,
                "siteConfig": {
                    "connectionStrings": [
                    ],
                    "metadata": [
                        {
                            "name": "CURRENT_STACK",
                            "value": "dotnetcore"
                        }
                    ],
                    "alwaysOn": true
                },
                "serverFarmId": "[resourceId('Microsoft.Web/serverfarms/', variables('appServicePlanName'))]"
            }
        },
        {
            "type": "Microsoft.Web/sites",
            "name": "[variables('apiAppName')]",
            "apiVersion": "2018-11-01",
            "location": "[variables('location')]",
            "kind": "api",
            "dependsOn": [
                "[concat('Microsoft.Web/serverfarms/', variables('appServicePlanName'))]"
            ],
            "properties": {
                "enabled": true,
                "siteConfig": {
                    "appSettings": []
                },
                "serverFarmId": "[resourceId('Microsoft.Web/serverfarms/', variables('appServicePlanName'))]"
            }
        },
        {
            "type": "Microsoft.Web/sites",
            "name": "[variables('functionAppName')]",
            "apiVersion": "2018-11-01",
            "location": "[variables('location')]",
            "kind": "functionapp",
            "dependsOn": [
                "[resourceId('Microsoft.Storage/storageAccounts', variables('storageAccountName'))]"
            ],
            "properties": {
                "name": "[variables('functionAppName')]",
                "siteConfig": {
                    "appSettings": [
                        {
                            "name": "FUNCTIONS_WORKER_RUNTIME",
                            "value": "dotnet"
                        },
                        {
                            "name": "AzureWebJobsStorage",
                            "value": "[concat('DefaultEndpointsProtocol=https;AccountName=',variables('storageAccountName'),';AccountKey=',listKeys(resourceId('Microsoft.Storage/storageAccounts', variables('storageAccountName')), '2015-05-01-preview').key1)]"
                        },
                        {
                            "name": "FUNCTIONS_EXTENSION_VERSION",
                            "value": "~2"
                        },
                        {
                            "name": "WEBSITE_CONTENTAZUREFILECONNECTIONSTRING",
                            "value": "[concat('DefaultEndpointsProtocol=https;AccountName=',variables('storageAccountName'),';AccountKey=',listKeys(resourceId('Microsoft.Storage/storageAccounts', variables('storageAccountName')), '2015-05-01-preview').key1)]"
                        },
                        {
                            "name": "WEBSITE_CONTENTSHARE",
                            "value": "[variables('storageAccountName')]"
                        },
                        {
                            "name": "WEBSITE_NODE_DEFAULT_VERSION",
                            "value": "10.14.1"
                        }
                    ]
                },
                "clientAffinityEnabled": false,
                "reserved": false
            }
        },
        {
            "type": "Microsoft.ApiManagement/service",
            "name": "[variables('apiManagementName')]",
            "apiVersion": "2019-01-01",
            "location": "[variables('location')]",
            "sku": {
                "name": "Developer",
                "capacity": 1
            },
            "properties": {
                "publisherEmail": "[parameters('apiManagementEmail')]",
                "publisherName": "Contoso Insurance"
            }
        },
        {
            "name": "[variables('keyVaultName')]",
            "type": "Microsoft.KeyVault/vaults",
            "apiVersion": "2018-02-14",
            "location": "[variables('location')]",
            "properties": {
                "sku": {
                    "name": "Standard",
                    "family": "A"
                },
                "tenantId": "[subscription().tenantId]",
                "accessPolicies": []
            }
        },
        {
            "type": "Microsoft.Search/searchServices",
            "name": "[variables('searchServiceName')]",
            "apiVersion": "2015-08-19",
            "location": "[variables('location')]",
            "properties": {
                "replicaCount": 1,
                "partitionCount": 1,
                "hostingMode": "Default"
            },
            "sku": {
                "name": "free"
            }
        },
        {
            "name": "[variables('cogServicesName')]",
            "type": "Microsoft.CognitiveServices/accounts",
            "apiVersion": "2017-04-18",
            "sku": {
                "name": "S0"
            },
            "location": "[variables('location')]",
            "kind": "CognitiveServices",
            "properties": {
                "apiProperties": {
                    "statisticsEnabled": false
                }
            }
        },
        {
            "type": "Microsoft.Network/virtualNetworks",
            "name": "[variables('virtualNetworkName')]",
            "apiVersion": "2019-04-01",
            "location": "[variables('location')]",
            "dependsOn": [],
            "properties": {
                "addressSpace": {
                    "addressPrefixes": [
                        "[variables('addressPrefix')]"
                    ]
                },
                "subnets": [
                    {
                        "name": "[variables('subnetName')]",
                        "properties": {
                            "addressPrefix": "[variables('subnetPrefix')]"
                        }
                    }
                ]
            }
        },
        {
            "name": "[variables('jbNetworkInterfaceName')]",
            "type": "Microsoft.Network/networkInterfaces",
            "apiVersion": "2019-04-01",
            "location": "[variables('location')]",
            "dependsOn": [
                "[concat('Microsoft.Network/virtualNetworks/', variables('virtualNetworkName'))]",
                "[concat('Microsoft.Network/publicIpAddresses/', variables('jbPublicIpAddressName'))]",
                "[concat('Microsoft.Network/networkSecurityGroups/', variables('jbNetworkSecurityGroupName'))]"
            ],
            "properties": {
                "ipConfigurations": [
                    {
                        "name": "ipconfig1",
                        "properties": {
                            "subnet": {
                                "id": "[resourceId('Microsoft.Network/virtualNetworks/subnets', variables('virtualNetworkName'), variables('subnetName'))]"
                            },
                            "privateIPAllocationMethod": "Dynamic",
                            "publicIpAddress": {
                                "id": "[resourceId('Microsoft.Network/publicIpAddresses', variables('jbPublicIpAddressName'))]"
                            }
                        }
                    }
                ],
                "networkSecurityGroup": {
                    "id": "[resourceId('Microsoft.Network/networkSecurityGroups', variables('jbNetworkSecurityGroupName'))]"
                }
            }
        },
        {
            "name": "[variables('sqlNetworkInterfaceName')]",
            "type": "Microsoft.Network/networkInterfaces",
            "apiVersion": "2019-04-01",
            "location": "[variables('location')]",
            "dependsOn": [
                "[concat('Microsoft.Network/virtualNetworks/', variables('virtualNetworkName'))]",
                "[concat('Microsoft.Network/publicIpAddresses/', variables('sqlPublicIpAddressName'))]",
                "[concat('Microsoft.Network/networkSecurityGroups/', variables('sqlNetworkSecurityGroupName'))]"
            ],
            "properties": {
                "ipConfigurations": [
                    {
                        "name": "ipconfig1",
                        "properties": {
                            "subnet": {
                                "id": "[resourceId('Microsoft.Network/virtualNetworks/subnets', variables('virtualNetworkName'), variables('subnetName'))]"
                            },
                            "privateIPAllocationMethod": "Dynamic",
                            "publicIpAddress": {
                                "id": "[resourceId('Microsoft.Network/publicIpAddresses', variables('sqlPublicIpAddressName'))]"
                            }
                        }
                    }
                ],
                "networkSecurityGroup": {
                    "id": "[resourceId('Microsoft.Network/networkSecurityGroups', variables('sqlNetworkSecurityGroupName'))]"
                }
            }
        },
        {
            "name": "[variables('jbPublicIpAddressName')]",
            "type": "Microsoft.Network/publicIPAddresses",
            "apiVersion": "2019-04-01",
            "location": "[variables('location')]",
            "properties": {
                "publicIPAllocationMethod": "Dynamic"
            },
            "sku": {
                "name": "Basic"
            }
        },
        {
            "name": "[variables('sqlPublicIpAddressName')]",
            "type": "Microsoft.Network/publicIPAddresses",
            "apiVersion": "2019-04-01",
            "location": "[variables('location')]",
            "properties": {
                "publicIPAllocationMethod": "Dynamic"
            },
            "sku": {
                "name": "Basic"
            }
        },
        {
            "name": "[variables('jbNetworkSecurityGroupName')]",
            "type": "Microsoft.Network/networkSecurityGroups",
            "apiVersion": "2019-04-01",
            "location": "[variables('location')]",
            "properties": {
                "securityRules": [
                    {
                        "name": "RDP",
                        "properties": {
                            "priority": 300,
                            "protocol": "Tcp",
                            "access": "Allow",
                            "direction": "Inbound",
                            "sourceApplicationSecurityGroups": [],
                            "destinationApplicationSecurityGroups": [],
                            "sourceAddressPrefix": "*",
                            "sourcePortRange": "*",
                            "destinationAddressPrefix": "*",
                            "destinationPortRange": "3389"
                        }
                    }
                ]
            }
        },
        {
            "name": "[variables('sqlNetworkSecurityGroupName')]",
            "type": "Microsoft.Network/networkSecurityGroups",
            "apiVersion": "2019-04-01",
            "location": "[variables('location')]",
            "properties": {
                "securityRules": [
                    {
                        "name": "RDP",
                        "properties": {
                            "priority": 300,
                            "protocol": "Tcp",
                            "access": "Allow",
                            "direction": "Inbound",
                            "sourceApplicationSecurityGroups": [],
                            "destinationApplicationSecurityGroups": [],
                            "sourceAddressPrefix": "*",
                            "sourcePortRange": "*",
                            "destinationAddressPrefix": "*",
                            "destinationPortRange": "3389"
                        }
                    },
                    {
                        "name": "SqlServer",
                        "properties": {
                            "priority": 310,
                            "protocol": "Tcp",
                            "access": "Allow",
                            "direction": "Inbound",
                            "sourceApplicationSecurityGroups": [],
                            "destinationApplicationSecurityGroups": [],
                            "sourceAddressPrefix": "*",
                            "sourcePortRange": "*",
                            "destinationAddressPrefix": "*",
                            "destinationPortRange": "1433"
                        }
                    }
                ]
            }
        }
    ],
    "outputs": {
        "adminUsername": {
            "type": "string",
            "value": "[parameters('adminUsername')]"
        },
        "sqlServerName": {
            "type": "string",
            "value": "[variables('uniqueSqlServerName')]"
        }
    }
}